"domain_category","n_pages","total_violations","avg_violations_per_page","avg_severity"
"E-commerce",55,345,6.27272727272727,3.5152775002775
"Educational Platforms",114,575,5.04385964912281,3.70969049832625
"Government and Public Services",81,380,4.69135802469136,3.41772555291074
"Health and Wellness",39,165,4.23076923076923,3.50732600732601
"News and Media",118,940,7.96610169491525,3.4532893867515
"Streaming Platforms",76,463,6.09210526315789,3.47843644087923
"Technology Science and Research",121,656,5.42148760330578,3.65548262672769
